yearName,population
2000,1969032
2001,1984750
2002,2000614
2003,2016605
2004,2035590
2005,2070274
2006,2105593
2007,2141514
2008,2178094
2009,2215198
2010,2252984
2011,2291413
2012,2330547
2013,2370243
2014,2410667
2015,2449753
2016,2489472
2017,2529836
2018,2570854
2019,2612428
2020,2654378
2021,2696439
